A_N_pairs,A_FCA_median,A_FCA_q25,A_FCA_q75,B_N_authors,B_pct_BES_positive,C_bridge_share_topK,C_bridge_share_bottomK,C_n_papers_top,C_n_papers_bottom,C_cpr_mean_top,C_cpr_mean_bottom,C_cpr_diff_top_minus_bottom,C_bootstrap_ci_low,C_bootstrap_ci_high,D_spearman,D_perm_p,D_model_coef_FCA,D_model_p,D_model_R2,D_impact_delta_mean,D_impact_mannwhitney_p,D_impact_cliffs_delta,E_sig_count_q<=0.05,E_sig_total,E_sig_share
259,0.0001453472556061,-0.0007501238674263,0.0008372113203269,208789,24.091307492252945,0.0471404832483864,0.05590679989178977,34150,39119,3.208070805270864,3.408215700810348,-0.2001448955394837,-0.3857530782803096,-0.0195971484544823,-0.0831803180318031,0.3915361546151283,,,,-2.207661616193951,4.970431708095841e-05,-0.4711999999999999,24,259,0.09266409266409266
