field_i,field_j,obs_slope,p_one_sided,q_fdr,years_covered
Mathematics,Physics and Astronomy,0.0135765937180186,0.0033222591362126,0.0358527131782945,8
Chemical Engineering,Energy,0.0102092891932481,0.0033222591362126,0.0358527131782945,8
Engineering,Materials Science,0.0094112650363176,0.0033222591362126,0.0358527131782945,8
