field_i,field_j,FCA_slope,years_covered,weight_first,weight_last
Mathematics,Physics and Astronomy,0.0121966033760406,7,0.0275688253307765,0.1136975406871671
"Pharmacology, Toxicology and Pharmaceutics",Veterinary,0.0097961928167803,3,0.0188044353611146,0.0485322540915372
"Biochemistry, Genetics and Molecular Biology",Immunology and Microbiology,0.0073876535371968,8,0.1844656289126428,0.2049665294517343
Computer Science,Medicine,0.0067325956720692,8,0.0533185791377385,0.0779646640266471
Agricultural and Biological Sciences,Nursing,0.0061050082367874,7,0.0534435731818461,0.0900145399658998
