n_top,n_bottom,mean_top,mean_bottom,delta_mean,mannwhitney_p,cliffs_delta
50,50,2.9295790743931747,5.1372406905871255,-2.207661616193951,4.970431708095841e-05,-0.47119999999999995
